{"mean_reward": 575.5, "std_reward": 193.16379060269034, "is_deterministic": false, "n_eval_episodes": 10, "eval_datetime": "2025-08-06T18:57:49.112853"}